id;name;surname;address;telephone
1;mobile Fish;Home Loan Account Table Computer;Trace;1-617-600-9789
2;Electronics;Soap methodology Albania;Home Namibia;102.932.4076
3;syndicate;Mississippi Refined Rubber Chicken Table;Automotive;1-958-330-0262 x46164
4;Games Regional Digitized;copy convergence;Mayotte;098.749.3895
5;National Awesome sky blue;Tactics;scale interactive generating;926.521.2810
6;Administrator;reinvent 24 hour Jewelery;monitor;1-776-093-6198 x8643
7;Fantastic Plastic Chicken;payment;withdrawal COM;(319) 787-7527 x240
8;system Small;Intelligent Outdoors;Harbor Montana;(912) 645-7229 x0526
9;JSON;virtual deposit;Squares mint green e-business;(538) 183-3912 x26408
10;SQL Games;Iraq Bedfordshire;Concrete 24/7 Directives;1-255-743-0929
